customer_id,customer_name,registration_date,customer_name_kana,email,gender,age,birth,pref
IK152942,平田 裕次郎,2019-01-01 00:25:33,ひらた ゆうじろう,hirata_yuujirou@example.com,M,29,1990/6/10,石川県
TS808488,田村 詩織,2019-01-01 01:13:45,たむら しおり,tamura_shiori@example.com,F,33,1986/5/20,東京都
AS834628,久野 由樹,2019-01-01 02:00:14,ひさの ゆき,hisano_yuki@example.com,F,63,1956/1/2,茨城県
AS345469,鶴岡 薫,2019-01-01 04:48:22,つるおか かおる,tsuruoka_kaoru@example.com,M,74,1945/3/25,東京都
GD892565,大内 高史,2019-01-01 04:54:51,おおうち たかし,oouchi_takashi@example.com,M,54,1965/8/5,千葉県
AS265381,笠井 洋介,2019-01-01 05:51:07,かさい ようすけ,kasai_yousuke@example.com,M,69,1949/8/9,岡山県
HD739338,橋口 将也,2019-01-01 05:51:08,はしぐち まさや,hashiguchi_masaya@example.com,M,45,1974/6/4,神奈川県
HI791416,細井 麻由子,2019-01-01 07:03:53,ほそい まゆこ,hosoi_mayuko@example.com,F,30,1989/7/25,三重県
HD819739,塩見 はるか,2019-01-01 08:17:23,しおみ はるか,shiomi_haruka@example.com,F,49,1969/10/8,神奈川県
OA239766,玉木 有起哉,2019-01-01 08:59:29,たまき ゆきや,tamaki_yukiya@example.com,M,22,1997/1/12,東京都
HD743252,阿部 鉄洋,2019-01-01 15:13:38,あべ てつひろ,abe_tetsuhiro@example.com,M,51,1967/11/8,福岡県
OA336650,安田 直人,2019-01-01 15:57:30,やすだ なおと,yasuda_naoto@example.com,M,68,1950/8/13,神奈川県
OA176831,平山 知史,2019-01-01 17:30:43,ひらやま ともふみ,hirayama_tomofumi@example.com,M,24,1995/6/13,長崎県
HD104458,神原 明宏,2019-01-01 19:55:06,かんばら あきひろ,kannbara_akihiro@example.com,M,27,1991/12/18,東京都
HI652550,鹿賀 窈,2019-01-01 19:55:31,かが よう,kaga_you@example.com,F,43,1976/2/10,福岡県
HD994980,笠井 七世,2019-01-01 21:22:45,かさい ななせ,kasai_nanase@example.com,F,52,1967/8/5,秋田県
GD455127,福山 剛基,2019-01-01 21:29:15,ふくやま よしき,fukuyama_yoshiki@example.com,M,55,1963/9/30,宮城県
IK623902,藤原 メイサ,2019-01-01 21:35:11,ふじわら めいさ,fujiwara_meisa@example.com,F,63,1956/3/31,高知県
OA308429,清田 はるか,2019-01-01 21:42:42,きよた はるか,kiyota_haruka@example.com,F,58,1961/1/23,岐阜県
OA640152,松原 亮,2019-01-01 23:25:43,まつばら りょう,matsubara_ryou@example.com,M,63,1955/12/18,長崎県
PL407221,安藤 エリカ,2019-01-02 00:42:11,あんどう えりか,ando_erika@example.com,F,70,1948/11/14,大阪府
AS071660,田所 秀隆,2019-01-02 01:25:45,たどころ ひでたか,tadokoro_hidetaka@example.com,M,37,1981/11/18,千葉県
OA558666,浦野 あき,2019-01-02 03:00:02,うらの あき,urano_aki@example.com,F,61,1957/11/14,広島県
OA449732,大林 寿々花,2019-01-02 03:27:23,おおばやし すずか,oobayashi_suzuka@example.com,F,67,1951/9/28,東京都
HI531972,宮迫 夏空,2019-01-02 04:59:33,みやさこ そら,miyasako_sora@example.com,F,67,1952/6/21,大阪府
IK661529,菊田 優,2019-01-02 05:00:55,きくた ゆう,kikuta_yuu@example.com,M,56,1963/3/26,東京都
HD176754,坂下 賢治,2019-01-02 06:14:52,さかした けんじ,sakashita_kenji@example.com,M,60,1959/4/7,福島県
AS453084,岡本 鉄洋,2019-01-02 07:24:29,おかもと てつひろ,okamoto_tetsuhiro@example.com,M,49,1970/6/17,福島県
TS855513,水谷 麗奈,2019-01-02 08:18:42,みずたに れな,mizutani_rena@example.com,F,69,1950/6/1,富山県
TS971314,市田 勇一,2019-01-02 09:39:34,いちだ ゆういち,ichida_yuuichi@example.com,M,61,1958/2/6,宮城県
TS456293,横井 怜奈,2019-01-02 10:41:31,よこい れいな,yokoi_reina@example.com,F,69,1949/9/15,群馬県
HI089467,綾小路 一輝,2019-01-02 12:41:49,あやのこうじ かずき,ayanokouji_kazuki@example.com,M,33,1986/6/23,岡山県
HI499195,渡部 結衣,2019-01-02 15:52:56,わたべ ゆい,watabe_yui@example.com,F,43,1976/5/29,埼玉県
OA207651,金沢 友香,2019-01-02 15:56:26,かねざわ ともか,kanezawa_tomoka@example.com,F,72,1947/3/1,沖縄県
AS185951,生瀬 理紗,2019-01-02 16:54:22,なませ りさ,namase_risa@example.com,F,70,1949/7/9,福岡県
HD959899,中園 徹,2019-01-02 16:56:04,なかぞの とおる,nakazono_tooru@example.com,M,24,1995/5/15,沖縄県
IK749861,小玉 徹,2019-01-02 17:39:13,こだま とおる,kodama_tooru@example.com,M,72,1947/2/15,大阪府
TS365803,杉村 満,2019-01-02 21:11:07,すぎむら みつる,sugimura_mitsuru@example.com,M,38,1981/6/18,神奈川県
TS810881,松岡 直人,2019-01-02 22:33:02,まつおか なおと,matsuoka_naoto@example.com,M,25,1994/6/3,高知県
IK171801,青山 耕司,2019-01-02 22:56:24,あおやま こうじ,aoyama_kouji@example.com,M,67,1952/8/6,新潟県
IK120435,大村 寿明,2019-01-02 23:53:54,おおむら としあき,oomura_toshiaki@example.com,M,55,1963/12/16,千葉県
IK077913,豊島 憲史,2019-01-03 00:13:00,とよしま のりひと,toyoshima_norihito@example.com,M,29,1990/6/5,神奈川県
GD915723,宮脇 和香,2019-01-03 00:14:11,みやわき わか,miyawaki_waka@example.com,F,27,1992/7/17,神奈川県
HI263602,萩原 まさみ,2019-01-03 00:41:43,はぎわら まさみ,hagiwara_masami@example.com,F,60,1959/5/1,沖縄県
PL983707,三橋 美里,2019-01-03 00:53:34,みはし みり,mihashi_miri@example.com,F,28,1991/5/31,福岡県
OA544396,山根 充則,2019-01-03 02:46:25,やまね みつのり,yamane_mitsunori@example.com,M,29,1989/10/11,長野県
PL374717,徳田 ケンイチ,2019-01-03 02:57:13,とくた けんいち,tokuta_kenichi@example.com,M,30,1989/4/8,和歌山県
TS301045,清田 遥,2019-01-03 04:04:47,きよた はるか,kiyota_haruka1@example.com,F,26,1993/1/7,大阪府
PL400581,吉岡 恵梨香,2019-01-03 04:53:11,よしおか えりか,yoshioka_erika@example.com,F,36,1982/10/27,静岡県
GD191213,清野 咲,2019-01-03 05:13:32,きよの さき,kiyono_saki@example.com,F,36,1982/11/5,秋田県
HI988473,大路 砂羽,2019-01-03 06:10:14,おおじ さわ,ooji_sawa@example.com,F,53,1965/11/19,埼玉県
IK779828,本山 奈央,2019-01-03 06:47:37,ほんやま なお,honnyama_nao@example.com,F,77,1942/8/1,滋賀県
GD727041,久保田 隆太,2019-01-03 06:57:55,くぼた りゅうた,kubota_ryuuta@example.com,M,47,1972/6/20,北海道
HD123842,神崎 慶二,2019-01-03 09:20:49,かんざき けいじ,kanzaki_keiji@example.com,M,74,1944/11/17,岐阜県
PL534171,根本 瞬,2019-01-03 09:39:02,ねもと しゅん,nemoto_shun1@example.com,F,50,1969/2/23,兵庫県
OA368057,松原 祐一,2019-01-03 09:58:24,まつばら ゆういち,matsubara_yuuichi@example.com,M,35,1984/7/22,千葉県
IK254439,奥野 さやか,2019-01-03 10:24:10,おくの さやか,okuno_sayaka@example.com,F,21,1998/2/15,長崎県
PL186773,塚原 美佳,2019-01-03 11:20:44,つかはら みか,tsukahara_mika@example.com,F,22,1997/7/26,滋賀県
OA666190,岩崎 賢二,2019-01-03 11:28:15,いわさき けんじ,iwasaki_kenji@example.com,M,21,1998/5/25,神奈川県
AS699883,牧 あさみ,2019-01-03 15:53:50,まき あさみ,maki_asami@example.com,F,59,1959/10/10,福島県
AS569518,国分 翔子,2019-01-03 16:42:10,こくぶん しょうこ,kokubunn_shouko@example.com,F,29,1989/11/15,兵庫県
IK102369,田口 南朋,2019-01-03 19:11:40,たぐち なお,taguchi_nao@example.com,F,70,1948/8/21,静岡県
PL470792,小林 景子,2019-01-03 22:53:48,こばやし けいこ,kobayashi_keiko@example.com,F,40,1979/5/21,茨城県
IK943660,樋口 知世,2019-01-04 00:45:49,ひぐち ちせ,higuchi_chise@example.com,F,25,1994/1/29,三重県
AS450151,小田 新太,2019-01-04 00:46:41,おだ あらた,oda_arata@example.com,M,42,1976/8/8,愛媛県
HD069769,関根 光,2019-01-04 02:14:52,せきね ひかる,sekine_hikaru@example.com,F,75,1944/3/3,大阪府
TS771339,深井 隆博,2019-01-04 02:57:12,ふかい たかひろ,fukai_takahiro@example.com,M,66,1952/10/11,愛知県
HD068817,堀 惇,2019-01-04 03:01:31,ほり あつし,hori_atsushi@example.com,M,68,1951/5/17,大阪府
GD322464,玉井 光博,2019-01-04 04:19:38,たまい みつひろ,tamai_mitsuhiro@example.com,M,44,1975/4/4,長野県
HI949100,長島 聡,2019-01-04 06:35:47,ながしま さとし,nagashima_satoshi@example.com,M,36,1983/5/1,愛媛県
TS724794,ともさか 那奈,2019-01-04 08:05:57,ともさか なな,tomosaka_nana@example.com,F,50,1969/6/1,岡山県
PL705609,山川 咲,2019-01-04 09:12:41,やまかわ さき,yamakawa_saki@example.com,F,25,1993/9/17,岩手県
AS288339,佐藤 倫子,2019-01-04 09:34:04,さとう のりこ,satou_noriko@example.com,F,23,1996/7/13,埼玉県
GD691243,中園 俊二,2019-01-04 10:37:06,なかぞの しゅんじ,nakazono_shunji@example.com,M,48,1970/11/20,東京都
GD762671,海野 恵望子,2019-01-04 11:16:14,うみの えみこ,umino_emiko@example.com,F,37,1981/10/7,栃木県
HD565792,中原 有海,2019-01-04 12:38:09,なかはら あみ,nakahara_ami@example.com,F,74,1944/11/10,神奈川県
HI400734,宍戸 明,2019-01-04 13:24:40,ししど あきら,shishido_akira@example.com,M,64,1955/1/13,福井県
AS502510,児島 陽子,2019-01-04 14:38:00,こじま ようこ,kojima_youko@example.com,F,71,1947/10/27,東京都
AS230629,野島 進,2019-01-04 16:19:18,のじま すすむ,nojima_susumu@example.com,M,55,1963/9/1,兵庫県
PL659352,大下 了,2019-01-04 17:49:45,おおした りょう,ooshita_ryou@example.com,M,50,1968/12/14,長崎県
OA545809,石崎 浩太郎,2019-01-04 19:28:18,いしざき こうたろう,ishizaki_koutarou@example.com,M,30,1989/1/10,徳島県
HD251544,小泉 幸子,2019-01-04 19:34:20,こいずみ さちこ,koizumi_sachiko@example.com,F,59,1960/2/1,東京都
TS671691,黄川田 博之,2019-01-04 19:59:20,きかわだ ひろゆき,kikawada_hiroyuki@example.com,M,64,1954/9/15,東京都
PL556767,喜多 慶二,2019-01-04 20:03:47,きた けいじ,kita_keiji@example.com,M,32,1987/2/21,愛知県
HI792024,山上 丈雄,2019-01-04 22:27:30,やまがみ たけお,yamagami_takeo@example.com,M,46,1973/7/11,愛媛県
HD809345,下山 莉緒,2019-01-04 22:37:46,しもやま りお,shimoyama_rio@example.com,F,51,1967/10/4,大分県
HD523310,宮崎 明日,2019-01-04 22:49:50,みやざき めいび,miyazaki_meibi@example.com,F,73,1946/4/7,大阪府
GD434239,田沢 幸子,2019-01-04 22:59:18,たざわ さちこ,tazawa_sachiko@example.com,F,79,1939/9/12,福島県
HI067846,柳 洋,2019-01-05 01:57:06,やなぎ よう,yanagi_you@example.com,M,33,1986/3/10,宮城県
PL144435,稲垣 隆,2019-01-05 02:48:42,いながき たかし,inagaki_takashi@example.com,M,65,1953/8/17,大阪府
TS707101,那須 寿明,2019-01-05 03:45:08,なす としあき,nasu_toshiaki@example.com,M,35,1984/1/28,福岡県
IK429683,西村 信輔,2019-01-05 03:52:19,にしむら しんすけ,nishimura_shinsuke@example.com,M,29,1989/10/7,長野県
PL573838,大西 美幸,2019-01-05 04:27:19,おおにし みゆき,oonishi_miyuki@example.com,F,53,1965/9/29,北海道
TS893503,上杉 瞳,2019-01-05 04:36:22,うえすぎ ひとみ,uesugi_hitomi@example.com,F,30,1988/12/19,神奈川県
TS179365,明石家 利夫,2019-01-05 04:49:04,あかしや としお,akashiya_toshio@example.com,M,33,1985/11/14,東京都
PL417753,尾崎 勤,2019-01-05 10:14:25,おざき つとむ,ozaki_tsutomu@example.com,M,64,1955/6/15,熊本県
PL964421,古沢 徹,2019-01-05 11:38:34,ふるさわ とおる,furusawa_tohru@example.com,M,29,1990/5/9,熊本県
HI484575,八田 浩太郎,2019-01-05 12:39:04,やつだ こうたろう,yatsuda_koutarou@example.com,M,74,1945/5/7,広島県
GD903830,安藤 さやか,2019-01-05 12:39:22,あんどう さやか,anndou_sayaka@example.com,F,53,1966/2/6,大阪府
PL683089,香川 美紀,2019-01-05 14:06:51,かがわ みき,kagawa_miki@example.com,F,28,1991/6/14,茨城県
